,City,Lat,Lng,Max Temp,Humidity,Cloudiness,Wind Speed,Country,Date
0,East London,-33.0153,27.9116,86.0,48,0,6.91,ZA,1612341477
1,Puerto Ayora,-0.7393,-90.3518,75.99,95,53,1.01,EC,1612341478
2,Hambantota,6.1241,81.1185,77.0,100,90,11.5,LK,1612341478
3,George Town,5.4112,100.3354,88.05,55,20,9.22,MY,1612341210
4,Geraldton,-28.7667,114.6,84.2,61,64,28.77,AU,1612341478
5,Fethiye,36.6217,29.1164,62.6,59,75,10.36,TR,1612341479
6,Torbay,47.6666,-52.7314,29.53,86,90,28.77,CA,1612341316
7,Segovia,41.1667,-4.0,43.7,100,90,4.61,ES,1612341479
8,Ushuaia,-54.8,-68.3,44.6,93,90,41.43,AR,1612341479
9,Kavieng,-2.5744,150.7967,83.41,70,15,7.31,PG,1612341479
10,Bambous Virieux,-20.3428,57.7575,84.13,70,75,12.66,MU,1612341480
11,Atuona,-9.8,-139.0333,77.92,79,50,12.44,PF,1612341480
12,Rikitea,-23.1203,-134.9692,77.68,77,38,14.7,PF,1612341480
13,Ostrovnoy,68.0531,39.5131,19.56,94,99,3.13,RU,1612341480
14,Khatanga,71.9667,102.5,-6.81,92,100,5.64,RU,1612341481
15,Busselton,-33.65,115.3333,66.0,68,0,3.0,AU,1612341481
16,Jamestown,42.097,-79.2353,22.37,86,1,13.8,US,1612341465
17,New Norfolk,-42.7826,147.0587,60.42,49,14,1.99,AU,1612341481
18,Arrecife,28.963,-13.5477,60.8,77,75,6.91,ES,1612341482
19,Mossamedes,-15.1961,12.1522,69.8,78,0,11.5,AO,1612341482
20,Bria,6.5423,21.9863,88.9,25,99,2.46,CF,1612341482
21,Samarinda,-0.5,117.15,80.35,92,100,2.42,ID,1612341482
22,Beloha,-25.1667,45.05,99.41,32,15,9.24,MG,1612341482
23,Panzhihua,26.5851,101.7128,68.0,21,0,1.99,CN,1612341483
24,Sandnessjøen,66.0217,12.6316,14.58,49,40,8.05,NO,1612341483
25,Antofagasta,-23.65,-70.4,60.8,77,0,3.44,CL,1612341483
26,Bengkulu,-3.8004,102.2655,84.76,70,99,9.33,ID,1612341483
27,Raudeberg,61.9875,5.1352,16.27,80,0,9.22,NO,1612341484
28,Hithadhoo,-0.6,73.0833,83.5,68,63,6.93,MV,1612341484
29,Salinas,36.6777,-121.6555,48.31,87,90,6.91,US,1612341435
30,Barrow,71.2906,-156.7887,-25.6,68,1,13.8,US,1612341484
31,Arraial do Cabo,-22.9661,-42.0278,75.34,88,2,21.09,BR,1612341274
32,Samarai,-10.6167,150.6667,82.83,75,73,12.06,PG,1612341485
33,Laas,46.6166,10.7002,32.52,100,90,6.91,IT,1612341485
34,Namatanai,-3.6667,152.4333,80.31,80,87,6.93,PG,1612341485
35,Poronaysk,49.2167,143.1167,-18.89,83,62,4.0,RU,1612341485
36,Mar del Plata,-38.0023,-57.5575,63.81,94,1,3.44,AR,1612341486
37,Hobart,-42.8794,147.3294,61.03,58,75,10.36,AU,1612341486
38,Nizwá,22.9333,57.5333,80.22,16,0,8.08,OM,1612341486
39,Srednekolymsk,67.45,153.6833,-23.57,86,93,4.23,RU,1612341486
40,Cape Town,-33.9258,18.4232,73.85,64,20,24.16,ZA,1612341358
41,Plattsburgh,44.6995,-73.4529,26.2,86,90,20.71,US,1612341487
42,Biskamzha,53.4497,89.5272,26.53,95,100,11.39,RU,1612341487
43,Stornoway,58.2093,-6.3865,38.71,60,40,20.71,GB,1612341487
44,São Geraldo do Araguaia,-6.4006,-48.555,71.31,93,82,1.9,BR,1612341487
45,Brae,60.3964,-1.353,35.6,87,75,5.75,GB,1612341488
46,Maceió,-9.6658,-35.7353,73.4,94,40,3.44,BR,1612341488
47,Porto-Novo,6.4965,2.6036,82.4,94,75,5.46,BJ,1612341488
48,Cabo San Lucas,22.8909,-109.9124,66.0,53,100,1.01,MX,1612341284
49,Norman Wells,65.282,-126.8329,-23.8,76,90,4.61,CA,1612341489
50,Longyearbyen,78.2186,15.6401,21.2,79,75,16.11,SJ,1612341489
51,Hilo,19.7297,-155.09,66.58,73,20,6.91,US,1612341411
52,Bredasdorp,-34.5322,20.0403,73.4,60,12,6.91,ZA,1612341490
53,Kaitangata,-46.2817,169.8464,55.0,70,7,5.77,NZ,1612341490
54,Krasnovishersk,60.4078,57.082,16.66,96,100,8.21,RU,1612341490
55,Hermanus,-34.4187,19.2345,77.0,62,3,4.0,ZA,1612341490
56,Atyashevo,54.5644,46.0691,17.98,94,90,11.74,RU,1612341490
57,Tura,25.5198,90.2201,76.8,34,2,5.08,IN,1612341491
58,Bayan,46.0833,127.4,-12.15,88,15,7.63,CN,1612341491
59,Hashtrūd,37.4779,47.0508,33.22,88,99,0.74,IR,1612341491
60,São Gabriel da Cachoeira,-0.1303,-67.0892,71.42,99,96,2.19,BR,1612341491
61,Margate,51.3813,1.3862,47.71,87,100,3.0,GB,1612341492
62,Upernavik,72.7868,-56.1549,-11.65,80,37,4.0,GL,1612341492
63,Albany,42.6001,-73.9662,26.69,76,99,5.99,US,1612341315
64,Port Macquarie,-31.4333,152.9167,72.0,73,43,5.97,AU,1612341492
65,Norrtälje,59.758,18.705,24.39,91,100,5.99,SE,1612341493
66,Port Moresby,-9.4431,147.1797,86.0,70,20,13.8,PG,1612341359
67,Whitehaven,54.549,-3.5841,39.0,95,100,1.99,GB,1612341493
68,Sur,22.5667,59.5289,75.16,56,0,6.69,OM,1612341493
69,Port Alfred,-33.5906,26.891,79.0,66,0,4.0,ZA,1612341493
70,Santa Maria,-29.6842,-53.8069,73.31,93,99,3.06,BR,1612341494
71,Abay,49.6311,72.8539,28.4,64,75,17.9,KZ,1612341494
72,Yellowknife,62.456,-114.3525,-14.8,76,90,6.91,CA,1612341494
73,Punta Arenas,-53.15,-70.9167,53.29,71,90,21.85,CL,1612341495
74,Kholodnyy,62.7167,147.95,-25.08,80,100,4.32,RU,1612341495
75,Evensk,61.95,159.2333,14.79,91,53,30.94,RU,1612341495
76,Katsuura,35.1333,140.3,47.12,46,0,4.61,JP,1612341495
77,Shakawe,-18.3667,21.85,78.15,74,97,9.46,BW,1612341496
78,Rocha,-34.4833,-54.3333,67.78,94,100,2.17,UY,1612341496
79,Marystown,47.1666,-55.1483,32.43,97,100,36.93,CA,1612341496
80,Tuatapere,-46.1333,167.6833,49.8,82,20,2.46,NZ,1612341496
81,Diadema,-23.6861,-46.6228,68.59,83,0,2.3,BR,1612341497
82,Tuktoyaktuk,69.4541,-133.0374,-36.13,83,10,1.7,CA,1612341497
83,Iroquois Falls,48.7669,-80.6831,-0.4,92,90,8.05,CA,1612341497
84,Bluff,-46.6,168.3333,52.92,80,1,12.01,NZ,1612341498
85,Port Hardy,50.6996,-127.4199,36.59,93,75,2.3,CA,1612341498
86,Qaqortoq,60.7167,-46.0333,14.0,52,0,9.22,GL,1612341498
87,La Ronge,55.1001,-105.2842,15.8,92,100,6.91,CA,1612341498
88,Ekpoma,6.7421,6.139,84.6,65,15,2.71,NG,1612341498
89,Acarí,-15.4311,-74.6158,70.74,65,76,2.98,PE,1612341499
90,Vaini,-21.2,-175.2,75.2,100,90,5.75,TO,1612341499
91,Puerto Carreño,6.189,-67.4859,75.94,73,69,4.14,CO,1612341499
92,Hamilton,39.1834,-84.5333,24.17,80,1,9.22,US,1612341286
93,Nikolskoye,59.7035,30.7861,22.32,86,90,8.95,RU,1612341500
94,Antalaha,-14.9003,50.2788,87.67,63,100,10.13,MG,1612341500
95,Butaritari,3.0707,172.7902,81.95,83,100,19.86,KI,1612341501
96,Malmo,55.6059,13.0007,28.15,93,75,16.11,SE,1612341501
97,Tupiza,-21.45,-65.7167,54.95,68,68,4.7,BO,1612341501
98,Saint-Pierre,-21.3393,55.4781,82.27,58,0,25.32,RE,1612341501
99,Gulariyā,28.2333,81.3333,81.48,18,0,8.05,NP,1612341501
100,Avarua,-21.2078,-159.775,80.6,74,20,9.22,CK,1612341502
101,Iquitos,-3.7481,-73.2472,73.4,94,75,2.3,PE,1612341502
102,Isla Mujeres,21.2311,-86.731,62.91,94,1,6.76,MX,1612341502
103,Palekastro,35.2,26.25,66.0,60,92,9.66,GR,1612341502
104,Lebu,-37.6167,-73.65,56.07,86,0,8.48,CL,1612341502
105,Ilulissat,69.2167,-51.1,-2.2,46,0,14.97,GL,1612341503
106,Carnarvon,-24.8667,113.6333,78.8,100,90,23.02,AU,1612341503
107,Mount Gambier,-37.8333,140.7667,69.8,56,37,14.97,AU,1612341503
108,Tiksi,71.6872,128.8694,-22.09,87,84,9.26,RU,1612341503
109,Flinders,-34.5833,150.8552,69.01,70,10,8.99,AU,1612341504
110,Carmarthen,51.8555,-4.3054,43.18,100,20,9.22,GB,1612341504
111,Arrondissement de Saint-Dizier,48.4167,5.0833,52.77,94,75,13.8,FR,1612341504
112,Yerofey Pavlovich,53.9667,121.9667,-18.74,83,49,4.61,RU,1612341504
113,Hasaki,35.7333,140.8333,45.73,31,20,8.05,JP,1612341504
114,Airai,-8.9266,125.4092,62.04,100,100,3.27,TL,1612341505
115,Mataura,-46.1927,168.8643,47.44,85,5,2.3,NZ,1612341505
116,Assiniboia,49.6334,-105.9845,23.0,80,100,16.11,CA,1612341505
117,Ranot,7.7777,100.3213,80.85,71,75,12.55,TH,1612341505
118,Khovd,48.0056,91.6419,16.39,72,0,2.42,MN,1612341505
119,Provideniya,64.3833,-173.3,2.61,90,100,16.44,RU,1612341506
120,Pevek,69.7008,170.3133,0.59,81,100,8.99,RU,1612341506
121,Bikin,46.8161,134.26,-13.13,86,100,4.61,RU,1612341506
122,Hofn,64.2539,-15.2082,33.8,69,75,11.5,IS,1612341506
123,Ubari,26.5921,12.7805,59.4,40,0,4.76,LY,1612341507
124,Mucurapo,10.6667,-61.5333,76.8,88,20,8.3,TT,1612341507
125,Malinao,7.5917,124.6889,75.99,77,91,6.2,PH,1612341507
126,Chhabra,24.6667,76.8333,86.79,13,0,10.02,IN,1612341507
127,Mastic Beach,40.7668,-72.8521,27.84,80,90,13.8,US,1612341508
128,Nelson Bay,-32.7167,152.15,72.54,68,0,11.5,AU,1612341508
129,Kapaa,22.0752,-159.319,69.91,88,90,8.05,US,1612341508
130,Sinnamary,5.3833,-52.95,76.44,90,55,10.31,GF,1612341509
131,Noumea,-22.2763,166.4572,78.01,99,100,22.39,NC,1612341509
132,Saint-Augustin,51.226,-58.6502,25.7,97,100,23.67,CA,1612341509
133,Laguna,38.421,-121.4238,44.85,81,1,5.75,US,1612341477
134,Flin Flon,54.7682,-101.865,15.91,97,100,5.55,CA,1612341509
135,Shimoda,34.6667,138.95,44.73,43,20,9.22,JP,1612341510
136,Port Elizabeth,-33.918,25.5701,86.0,37,0,8.05,ZA,1612341510
137,Jutaí,-5.1833,-68.9,71.02,96,99,1.45,BR,1612341510
138,Olinda,-8.0089,-34.8553,78.8,69,40,8.05,BR,1612341511
139,Grimshaw,56.1834,-117.6027,-4.0,71,90,9.22,CA,1612341511
140,Pacific Grove,36.6177,-121.9166,47.98,87,1,4.61,US,1612341511
141,Sioux Lookout,50.1001,-91.917,21.2,86,75,10.36,CA,1612341511
142,Waingapu,-9.6567,120.2641,78.06,84,100,12.06,ID,1612341512
143,Kontagora,10.3999,5.4695,86.14,12,9,8.81,NG,1612341512
144,Bell Ville,-32.6259,-62.6887,57.51,98,6,1.99,AR,1612341366
145,Ugoofaaru,5.6667,73.0,82.02,73,100,16.04,MV,1612341512
146,Saint-Leu,-21.15,55.2833,82.44,58,0,25.32,RE,1612341513
147,Baruun-Urt,46.6806,113.2792,4.05,89,0,10.16,MN,1612341513
148,Matagami,49.7502,-77.6328,10.4,100,90,10.36,CA,1612341513
149,Rockhampton,-23.3833,150.5,82.4,57,3,11.5,AU,1612341513
150,Robertsport,6.7533,-11.3686,78.89,86,15,6.42,LR,1612341514
151,Orlik,52.5178,99.825,14.72,87,99,4.68,RU,1612341514
152,San Rafael,-34.6177,-68.3301,62.49,48,3,3.2,AR,1612341514
153,Vila Franca do Campo,37.7167,-25.4333,51.69,66,40,16.11,PT,1612341514
154,Lompoc,34.6391,-120.4579,50.04,100,90,4.61,US,1612341515
155,Kerema,-7.9631,145.7785,81.93,72,94,2.24,PG,1612341515
156,Khudumelapye,-23.8833,24.75,73.02,71,100,12.12,BW,1612341515
157,Nacala,-14.5428,40.6728,87.8,62,75,6.91,MZ,1612341515
158,Cienfuegos,22.1461,-80.4356,53.6,94,0,4.61,CU,1612341515
159,Lata,40.1629,-8.3327,55.62,94,20,5.01,PT,1612341516
160,Shizuishan,39.2333,106.7694,34.77,57,0,2.01,CN,1612341516
161,Ribeira Grande,38.5167,-28.7,55.4,67,40,18.41,PT,1612341516
162,Buchanan,5.8808,-10.0467,77.0,100,75,4.61,LR,1612341516
163,Juneau,58.3019,-134.4197,14.11,79,75,6.38,US,1612341517
164,Saint Paul Harbor,57.79,-152.4072,35.6,87,90,9.57,US,1612341517
165,Gambat,27.3515,68.5205,77.0,41,0,0.56,PK,1612341517
166,Vestmanna,62.1564,-7.1664,33.8,93,75,13.8,FO,1612341518
167,Touros,-5.1989,-35.4608,73.4,88,20,4.61,BR,1612341518
168,Tiznit Province,29.5833,-9.5,67.95,32,67,3.24,MA,1612341350
169,Dingle,10.9995,122.6711,80.04,82,96,10.71,PH,1612341519
170,Vancouver,49.2497,-123.1193,38.84,87,90,4.61,CA,1612341283
171,Banepā,27.6298,85.5214,66.2,27,20,5.75,NP,1612341520
172,Esperance,-33.8667,121.9,64.4,88,90,23.02,AU,1612341520
173,Balsas,-7.5325,-46.0356,72.0,90,16,0.6,BR,1612341520
174,Tateyama,34.9833,139.8667,48.27,47,0,4.0,JP,1612341520
175,Erenhot,43.6475,111.9767,13.39,85,0,14.81,CN,1612341520
176,Ancud,-41.8697,-73.8203,50.45,100,90,3.44,CL,1612341521
177,San Cristobal,7.7669,-72.225,64.02,62,100,2.37,VE,1612341521
178,Oodweyne,9.4092,45.064,81.18,16,20,18.72,SO,1612341521
179,Souillac,-20.5167,57.5167,86.0,70,75,12.66,MU,1612341521
180,Trairi,-3.2778,-39.2689,75.36,88,51,9.46,BR,1612341521
181,Nuuk,64.1835,-51.7216,8.6,85,75,12.66,GL,1612341522
182,Padang,-0.9492,100.3543,80.6,74,40,3.44,ID,1612341522
183,Qasigiannguit,68.8193,-51.1922,-2.2,46,0,14.97,GL,1612341522
184,Yenagoa,4.9247,6.2642,85.78,69,2,4.32,NG,1612341522
185,Constitución,-35.3333,-72.4167,57.69,81,0,1.81,CL,1612341522
186,Narsaq,60.9167,-46.05,14.0,52,0,9.22,GL,1612341523
187,Kutum,14.2,24.6667,84.02,14,0,11.41,SD,1612341523
188,Cairns,-16.9167,145.7667,77.0,88,90,9.22,AU,1612341523
189,Maragogi,-9.0122,-35.2225,77.4,82,35,10.09,BR,1612341493
190,Bålsta,59.5671,17.5278,17.94,92,75,12.66,SE,1612341523
191,Shache,38.4167,77.2406,45.27,45,6,5.37,CN,1612341524
192,Te Anau,-45.4167,167.7167,53.08,84,20,5.12,NZ,1612341524
193,Maricá,-22.9194,-42.8186,77.77,83,0,8.05,BR,1612341524
194,Taitung City,22.7583,121.1444,69.8,60,75,10.36,TW,1612341524
195,Guarapari,-20.6667,-40.4975,74.59,88,20,3.44,BR,1612341524
196,Botucatu,-22.8858,-48.445,65.91,98,54,1.79,BR,1612341525
197,Huayang,34.4155,109.9939,37.96,56,93,7.0,CN,1612341525
198,Hobyo,5.3505,48.5268,81.28,59,52,18.05,SO,1612341525
199,Lanxi,29.2195,119.477,58.3,69,28,1.66,CN,1612341526
200,Itacaré,-14.2775,-38.9967,75.2,100,75,2.3,BR,1612341526
201,Christchurch,-43.5333,172.6333,62.28,82,2,21.85,NZ,1612341526
202,Tarko-Sale,64.9225,77.785,7.21,95,90,2.75,RU,1612341526
203,Port-Gentil,-0.7193,8.7815,84.2,84,40,9.22,GA,1612341526
204,Biltine,14.5333,20.9167,87.06,11,0,11.99,TD,1612341527
205,Beaverlodge,55.2166,-119.4361,-7.6,71,75,8.05,CA,1612341527
206,Omboué,-1.5746,9.2618,83.39,77,86,7.63,GA,1612341527
207,Olafsvik,64.8945,-23.7142,35.92,79,100,17.52,IS,1612341527
208,Ville-Marie,47.3335,-79.433,5.0,92,40,11.5,CA,1612341528
209,Koulikoro,14.0,-7.75,75.09,15,0,11.27,ML,1612341528
210,Lavrentiya,65.5833,-171.0,-2.2,84,100,19.64,RU,1612341528
211,Broome,42.2506,-75.833,26.2,86,90,16.11,US,1612341528
212,Saskylakh,71.9167,114.0833,-3.42,90,100,12.35,RU,1612341529
213,Korla,41.7597,86.1469,39.94,55,0,4.83,CN,1612341529
214,Qaanaaq,77.484,-69.3632,-14.78,79,100,2.82,GL,1612341529
215,Port Hawkesbury,45.6169,-61.3485,44.49,100,90,12.66,CA,1612341529
216,Coahuayana Viejo,18.7333,-103.6833,69.8,59,40,2.62,MX,1612341530
217,Bonnyville,54.2668,-110.735,-0.38,78,90,9.22,CA,1612341530
218,Meulaboh,4.1363,96.1285,83.82,73,93,5.55,ID,1612341530
219,Kainantu,-6.2887,145.8655,63.0,95,100,1.9,PG,1612341530
220,Ponta Delgada,37.7333,-25.6667,51.78,66,40,16.11,PT,1612341530
221,Dikson,73.5069,80.5464,-22.11,87,7,13.78,RU,1612341531
222,Praia,14.9215,-23.5087,69.8,78,0,13.8,CV,1612341531
223,Alyangula,-13.8483,136.4192,87.8,74,75,4.61,AU,1612341531
224,Nicoya,10.1483,-85.452,72.14,66,17,15.97,CR,1612341531
225,Pakokku,21.3333,95.1,86.4,16,10,3.02,MM,1612341532
226,Newport,51.5877,-2.9984,43.97,97,100,4.59,GB,1612341532
227,Aklavik,68.2191,-135.0107,-38.11,67,100,1.14,CA,1612341532
228,Corinth,37.9407,22.9573,60.01,60,0,5.01,GR,1612341532
229,Kulachi,31.9286,70.4592,72.52,25,0,7.02,PK,1612341532
230,Saint-Philippe,-21.3585,55.7679,83.52,58,0,25.32,RE,1612341533
231,Fairbanks,64.8378,-147.7164,-24.0,76,1,4.09,US,1612341445
232,Tasiilaq,65.6145,-37.6368,23.0,93,90,8.05,GL,1612341533
233,Krasnaya Gora,52.9995,31.6023,26.29,86,90,15.66,RU,1612341533
234,Cayenne,4.9333,-52.3333,77.0,100,75,2.3,GF,1612341419
235,Pundaguitan,6.3711,126.1689,82.6,75,95,17.34,PH,1612341534
236,Baturaja,-4.1333,104.1667,84.7,70,92,5.88,ID,1612341534
237,Tautira,-17.7333,-149.15,80.29,74,20,3.44,PF,1612341534
238,Nouadhibou,20.931,-17.0347,60.8,88,0,13.8,MR,1612341534
239,Vigía del Fuerte,6.5789,-76.8863,73.76,95,85,3.33,CO,1612341535
240,Cruzília,-21.8386,-44.8083,61.72,95,100,3.78,BR,1612341535
241,Portland,45.5234,-122.6762,39.97,90,100,5.99,US,1612341146
242,Klaksvík,62.2266,-6.589,33.8,93,75,13.8,FO,1612341535
243,Felanitx,39.4696,3.1483,56.71,94,75,9.22,ES,1612341265
244,Hong Kong,22.2855,114.1577,68.05,46,20,9.22,HK,1612341342
245,Puerto Escondido,15.85,-97.0667,74.1,58,1,4.65,MX,1612341536
246,Arlit,18.7369,7.3853,75.52,17,0,4.61,NE,1612341536
247,Ayabe,35.3,135.25,37.94,65,40,5.75,JP,1612341536
248,Ozark,37.0209,-93.206,31.66,78,56,5.37,US,1612341537
249,Port Lincoln,-34.7333,135.8667,69.78,57,100,3.71,AU,1612341537
250,Kendari,-3.945,122.4989,81.64,82,100,4.27,ID,1612341537
251,Bloemfontein,-29.1211,26.214,60.8,100,90,11.5,ZA,1612341537
252,Necochea,-38.5473,-58.7368,57.25,89,25,2.71,AR,1612341289
253,Soe,-9.8607,124.284,68.5,100,100,5.06,ID,1612341538
254,Sept-Îles,50.2001,-66.3821,29.37,100,100,12.66,CA,1612341538
255,Haines Junction,60.7522,-137.5108,-16.6,76,100,1.83,CA,1612341538
256,La Romana,18.4273,-68.9728,70.83,86,3,4.63,DO,1612341538
257,Severo-Kuril'sk,50.6789,156.125,14.16,92,100,35.54,RU,1612341539
258,Nazas,25.2333,-104.1333,53.4,68,38,0.98,MX,1612341539
259,Vardø,70.3705,31.1107,26.6,68,75,25.32,NO,1612341539
260,Chimbote,-9.0853,-78.5783,67.71,77,92,4.41,PE,1612341539
261,Buenaventura,3.8801,-77.0312,74.73,93,97,1.86,CO,1612341539
262,Boundiali,9.5217,-6.4869,77.16,17,0,3.2,CI,1612341540
263,Mozarlândia,-14.7447,-50.5706,72.99,88,96,2.08,BR,1612341540
264,Castro,-24.7911,-50.0119,63.48,94,2,2.59,BR,1612341540
265,Yeppoon,-23.1333,150.7333,82.4,57,3,11.5,AU,1612341540
266,Ziarat,30.3823,67.7282,41.38,50,0,6.46,PK,1612341541
267,Chapais,49.7834,-74.8492,14.0,67,75,9.22,CA,1612341541
268,Ketchikan,55.3422,-131.6461,31.24,93,1,3.44,US,1612341541
269,Tazovsky,67.4667,78.7,-6.0,92,87,6.55,RU,1612341541
270,Pyinmana,19.7333,96.2167,92.16,14,0,1.61,MM,1612341541
271,Iralaya,15.0,-83.2333,73.4,70,31,16.13,HN,1612341542
272,Cabra,37.4725,-4.4421,49.91,87,90,3.44,ES,1612341542
273,Tashtagol,52.7657,87.8894,28.13,97,100,6.17,RU,1612341543
274,Blagoyevo,63.3667,47.9167,10.18,95,100,8.16,RU,1612341544
275,Comodoro Rivadavia,-45.8667,-67.5,73.4,33,0,9.22,AR,1612341544
276,Talnakh,69.4865,88.3972,-21.1,80,51,1.01,RU,1612341544
277,‘Āhuimanu,21.4447,-157.8378,72.81,73,1,6.91,US,1612341544
278,Luena,-11.7833,19.9167,66.2,100,75,6.91,AO,1612341545
279,Pisco,-13.7,-76.2167,69.01,73,0,4.61,PE,1612341258
280,Arman',59.7,150.1667,-12.21,80,91,16.2,RU,1612341545
281,Bintulu,3.1667,113.0333,82.2,89,40,10.36,MY,1612341545
282,Kālānwāli,29.85,74.95,78.46,21,0,3.58,IN,1612341545
283,Alofi,-19.0595,-169.9187,75.2,100,100,11.5,NU,1612341546
284,Podor,16.6527,-14.9587,64.4,45,0,2.3,MR,1612341546
285,Dhidhdhoo,6.8833,73.1,81.84,66,97,4.23,MV,1612341546
286,Thompson,55.7435,-97.8558,15.8,92,90,8.05,CA,1612341546
287,Mayumba,-3.432,10.6554,82.02,76,75,7.47,GA,1612341547
288,Leningradskiy,69.3833,178.4167,-12.06,86,100,16.82,RU,1612341547
289,Gambo,4.6482,22.2633,99.01,26,48,4.05,CF,1612341548
290,Grindavik,63.8424,-22.4338,37.4,75,75,27.63,IS,1612341548
291,Chui,-33.6971,-53.4616,70.95,96,100,8.34,UY,1612341548
292,Morden,49.1919,-98.1014,24.8,86,100,8.05,CA,1612341545
293,Cooma,-36.2333,149.1333,60.8,63,99,8.05,AU,1612341549
294,Les Cayes,18.2,-73.75,72.05,85,3,7.23,HT,1612341549
295,Altay,47.8667,88.1167,20.46,89,42,1.34,CN,1612341549
296,Santa Rosa,14.3122,121.1114,85.12,55,40,14.97,PH,1612341460
297,Bethel,41.3712,-73.414,25.74,74,90,8.05,US,1612341549
298,Alta Floresta,-9.8756,-56.0861,69.62,95,92,2.17,BR,1612341550
299,Cedar City,37.6775,-113.0619,42.8,75,1,12.66,US,1612341337
300,Huarmey,-10.0681,-78.1522,68.63,74,77,4.41,PE,1612341550
301,Kununurra,-15.7667,128.7333,96.8,56,99,5.75,AU,1612341370
302,Tomatlán,19.9333,-105.25,67.24,89,0,1.34,MX,1612341551
303,Hōjō,33.9766,132.7777,44.82,53,40,5.75,JP,1612341551
304,Sisimiut,66.9395,-53.6735,-4.61,79,0,13.38,GL,1612341551
305,Gawler,-34.6,138.7333,79.81,30,80,8.01,AU,1612341551
306,Dali,25.7,100.1833,61.38,31,0,7.52,CN,1612341552
307,Boca do Acre,-8.7522,-67.3978,73.02,98,100,3.4,BR,1612341270
308,Āsosa,10.0667,34.5333,89.6,16,19,7.36,ET,1612341552
309,Avera,33.194,-82.5271,32.0,64,1,8.05,US,1612341552
310,Palana,59.1167,159.9667,12.06,94,100,25.12,RU,1612341552
311,Codrington,-38.2667,141.9667,61.79,79,0,11.39,AU,1612341553
312,Weligama,5.9667,80.4167,82.54,77,99,8.16,LK,1612341553
313,Chokurdakh,70.6333,147.9167,-3.42,93,100,7.07,RU,1612341553
314,Port Hedland,-20.3167,118.5667,91.4,58,75,18.41,AU,1612341482
315,Pangkalanbuun,-2.6833,111.6167,79.75,86,100,3.98,ID,1612341554
316,Maxixe,-23.8597,35.3472,86.88,74,40,4.61,MZ,1612341494
317,Krasnyy Yar,46.5331,48.3456,37.4,100,90,4.47,RU,1612341554
318,Santa Rita,-7.1139,-34.9781,78.8,78,40,6.91,BR,1612341554
319,Savinskiy,62.9342,40.1361,6.42,94,14,2.26,RU,1612341555
320,Clyde River,70.4692,-68.5914,-25.6,68,40,3.91,CA,1612341388
321,Kologriv,58.8275,44.3178,18.57,97,100,5.41,RU,1612341555
322,Prince Rupert,54.3161,-130.3201,38.37,80,75,6.91,CA,1612341555
323,Mareeba,-17.0,145.4333,74.55,88,90,9.22,AU,1612341555
324,Bernalillo,35.05,-106.6673,45.05,57,75,5.75,US,1612341556
325,Owando,-0.4819,15.8999,89.04,54,87,3.09,CG,1612341556
326,Estación Coahuila,32.1939,-115.0017,64.29,42,1,9.22,MX,1612341556
327,San José de Río Tinto,14.9333,-85.7,64.4,82,20,4.03,HN,1612341556
328,Safaga,26.7292,33.9365,77.0,65,40,6.91,EG,1612341556
329,Mandera,3.9366,41.867,90.1,21,0,15.03,KE,1612341557
330,Wattegama,6.7989,81.4808,77.0,100,90,11.5,LK,1612341557
331,Isla Vista,34.4133,-119.861,51.57,93,1,6.33,US,1612341536
332,Bilma,18.6853,12.9164,72.63,21,0,19.01,NE,1612341557
333,Yulara,-25.2406,130.9889,100.4,13,100,4.61,AU,1612341557
334,Olkhovka,53.2115,60.6069,33.44,99,100,6.13,RU,1612341558
335,Kumul,42.8,93.45,38.37,58,17,6.49,CN,1612341549
336,Caravelas,-17.7125,-39.2481,74.39,90,97,3.09,BR,1612341558
337,Bani Walid,31.7566,13.9942,60.37,57,0,15.99,LY,1612341558
338,Salalah,17.0151,54.0924,82.4,28,0,6.91,OM,1612341559
339,Banda Aceh,5.5577,95.3222,84.85,69,67,10.07,ID,1612341559
340,Alegrete,-29.7831,-55.7919,73.53,95,95,5.66,BR,1612341559
341,Lobito,-12.3481,13.5456,81.03,62,0,5.82,AO,1612341559
342,Pyu,18.4833,96.4333,94.59,14,0,4.07,MM,1612341559
343,Marawi,7.9986,124.2928,82.99,75,95,4.0,PH,1612341560
344,Naze,28.3667,129.4833,57.2,58,75,8.05,JP,1612341560
345,Sitka,57.0531,-135.33,32.0,80,90,5.19,US,1612341560
346,Ponta do Sol,32.6667,-17.1,55.6,75,35,3.0,PT,1612341561
347,Mahébourg,-20.4081,57.7,86.0,70,75,12.66,MU,1612341561
348,Chingirlau,51.095,54.0814,32.86,99,100,8.7,KZ,1612341561
349,Bubaque,11.2833,-15.8333,77.59,61,0,4.45,GW,1612341561
350,Aripuanã,-9.1667,-60.6333,71.55,99,69,0.11,BR,1612341561
351,Shelburne,44.0787,-80.2041,17.62,93,100,16.91,CA,1612341562
352,Umm Kaddadah,13.6017,26.6876,90.01,12,11,7.34,SD,1612341562
353,Eureka,40.8021,-124.1637,44.31,88,46,5.01,US,1612341562
354,Qingdao,36.0986,120.3719,47.23,65,53,4.47,CN,1612341281
355,Krasnyy Chikoy,50.3643,108.7512,11.68,90,100,5.19,RU,1612341563
356,Gizo Government Station,-8.103,156.8419,82.78,77,97,11.1,SB,1612341563
357,Rijeka,45.3431,14.4092,48.65,93,90,6.91,HR,1612341563
358,Uray,60.1247,64.7758,14.68,95,15,9.55,RU,1612341563
359,Batagay-Alyta,67.8006,130.4114,-41.13,80,98,1.57,RU,1612341564
360,Ames,42.0347,-93.6199,18.03,86,90,10.36,US,1612341490
361,Dārāb,28.7519,54.5444,66.07,21,0,4.45,IR,1612341565
362,Roald,62.5833,6.1333,22.44,80,0,9.22,NO,1612341565
363,Ironton,38.5368,-82.6829,24.15,74,1,8.05,US,1612341565
364,Barra Velha,-26.6322,-48.6847,75.0,96,18,3.58,BR,1612341565
365,Itanhém,-17.1664,-40.33,70.84,90,99,1.34,BR,1612341566
366,Abrau-Dyurso,44.69,37.59,56.1,47,20,11.18,RU,1612341566
367,Ginda,30.6945,78.4932,58.66,30,34,6.31,IN,1612341566
368,Bermejo,-32.8833,-68.8,59.0,77,0,3.44,AR,1612341566
369,La Paz,-16.5,-68.15,41.0,93,90,8.05,BO,1612341566
370,Grand-Santi,4.25,-54.3833,72.36,97,86,1.95,GF,1612341567
371,Verkhoyansk,67.5447,133.385,-46.44,72,33,2.37,RU,1612341540
372,Wuwei,37.9281,102.6414,36.09,53,0,6.04,CN,1612341567
373,Santa Marta,11.2408,-74.199,78.01,81,28,12.66,CO,1612341567
374,San Marcos,33.1434,-117.1661,52.3,94,90,3.44,US,1612341568
375,Orán,-23.1322,-64.326,66.0,98,100,1.99,AR,1612341468
376,Soubre,5.7856,-6.6083,81.79,71,22,3.49,CI,1612341568
377,São João da Barra,-21.6403,-41.0511,74.8,88,0,11.43,BR,1612341568
378,Dunedin,-45.8742,170.5036,55.45,79,28,1.99,NZ,1612341485
379,Kahului,20.8947,-156.47,66.27,78,20,4.61,US,1612341481
380,Mikkeli,61.6886,27.2723,13.23,85,90,5.75,FI,1612341569
381,Peleduy,59.6289,112.7406,-20.04,84,100,5.08,RU,1612341569
382,Oranjemund,-28.55,16.4333,69.71,66,0,12.12,NA,1612341569
383,Ninghai,29.2892,121.4247,58.46,48,0,13.42,CN,1612341570
384,Shimanovsk,52.0,127.7,-17.84,85,100,4.83,RU,1612341570
385,Mukono,0.3533,32.7553,80.6,69,20,11.5,UG,1612341570
386,Mago,53.2514,140.1822,-23.46,83,100,6.62,RU,1612341570
387,Sibolga,1.7427,98.7792,82.67,80,100,3.02,ID,1612341571
388,Lucea,18.451,-78.1736,73.71,73,75,17.27,JM,1612341571
389,Pinheiro,-2.5214,-45.0825,74.73,96,62,2.19,BR,1612341571
390,Salinópolis,-0.6136,-47.3561,78.12,88,10,8.75,BR,1612341278
391,Wanning,18.8003,110.3967,72.86,75,1,10.54,CN,1612341571
392,Mormugao,15.4,73.8,91.4,29,3,9.22,IN,1612341449
393,Khlevnoye,52.1951,39.0932,30.2,93,90,4.47,RU,1612341572
394,Cockburn Town,21.4612,-71.1419,72.5,70,18,14.76,TC,1612341572
395,Beringovskiy,63.05,179.3167,5.29,94,99,6.71,RU,1612341573
396,Coquimbo,-29.9533,-71.3436,57.2,88,75,6.91,CL,1612341573
397,Half Moon Bay,37.4636,-122.4286,46.26,87,75,6.91,US,1612341573
398,Lingao,19.9103,109.6859,72.0,66,2,19.01,CN,1612341573
399,San Patricio,28.017,-97.5169,53.53,87,1,6.91,US,1612341574
400,Awjilah,29.1081,21.2869,63.79,58,0,16.87,LY,1612341574
401,Manitouwadge,49.1215,-85.8403,1.4,78,0,4.61,CA,1612341574
402,Borogontsy,62.6683,131.1683,-40.09,80,100,3.04,RU,1612341575
403,Nazarovo,56.0064,90.3914,24.15,98,100,12.95,RU,1612341575
404,Anchorage,61.2181,-149.9003,11.05,79,90,5.75,US,1612341311
405,Lüderitz,-26.6481,15.1594,71.46,62,1,11.61,NA,1612341575
406,Petra,30.3222,35.4793,62.37,41,0,3.65,JO,1612341468
407,Hirara,24.8,125.2833,66.2,55,20,11.5,JP,1612341530
408,Staraya Poltavka,50.4772,46.4814,37.26,99,98,6.53,RU,1612341576
409,Seminole,28.7086,-81.2081,41.9,52,1,13.8,US,1612341576
410,Pelym,61.0108,61.9978,16.65,93,96,8.16,RU,1612341576
411,Acapulco de Juárez,16.8634,-99.8901,73.04,77,0,4.45,MX,1612341577
412,Sørland,67.667,12.6934,30.2,64,20,13.8,NO,1612341577
413,São Filipe,14.8961,-24.4956,72.72,73,34,12.33,CV,1612341577
414,Saint George,37.1041,-113.5841,47.34,76,1,4.61,US,1612341577
415,Kattivākkam,13.2167,80.3167,84.2,51,40,16.11,IN,1612341409
416,Avila,40.5833,-5.0,46.99,83,95,5.26,ES,1612341578
417,Quatre Cocos,-20.2078,57.7625,83.88,70,75,12.66,MU,1612341578
418,Rio Grande,-32.035,-52.0986,72.0,98,76,3.69,BR,1612341578
419,Adamantina,-21.6853,-51.0725,75.2,88,0,5.75,BR,1612341578
420,Arrondissement de Vesoul,47.5833,5.8333,52.23,87,75,17.27,FR,1612341578
421,Sarangani,5.4033,125.4636,82.36,77,100,22.53,PH,1612341579
422,Challapata,-18.9,-66.7667,46.22,75,94,3.11,BO,1612341579
423,Dudinka,69.4058,86.1778,-18.8,86,38,7.11,RU,1612341579
424,Ferrol,43.4832,-8.2369,53.04,78,30,1.99,ES,1612341579
425,Cherskiy,68.75,161.3,7.36,86,93,3.02,RU,1612341580
426,Pathein,16.7833,94.7333,89.73,28,0,9.86,MM,1612341580
427,Payo,-3.7508,103.6372,80.76,83,99,3.71,ID,1612341580
428,Nanortalik,60.1432,-45.2371,14.86,84,0,19.26,GL,1612341580
429,Mundo Nuevo (Ojo de Agua),18.7,-95.5,63.37,75,16,5.19,MX,1612341580
430,Mount Isa,-20.7333,139.5,102.2,18,75,9.22,AU,1612341581
431,Warren,39.4334,-84.1666,21.63,100,1,6.91,US,1612341581
432,Potsdam,52.3989,13.0657,36.7,94,94,1.01,DE,1612341543
433,Osa,57.2829,55.4567,13.46,95,100,5.95,RU,1612341581
434,Kantunilkín,21.0917,-87.45,55.4,94,1,2.3,MX,1612341581
435,Kirakira,-10.4544,161.9205,79.83,84,100,12.12,SB,1612341582
436,Okhotsk,59.3833,143.3,-23.96,78,2,18.16,RU,1612341582
437,Snezhnogorsk,69.1933,33.2531,-0.4,85,75,2.24,RU,1612341582
438,Nemuro,43.3236,145.575,10.4,67,20,1.14,JP,1612341582
439,Timrå,62.487,17.3257,7.93,78,90,17.27,SE,1612341582
440,Lorengau,-2.0226,147.2712,78.89,83,100,7.61,PG,1612341583
441,Kalmunai,7.4167,81.8167,80.62,79,86,16.75,LK,1612341583
442,Bud,39.447,-86.1758,23.0,89,86,6.8,US,1612341583
443,Mugur-Aksy,50.35,90.5,18.46,86,100,5.21,RU,1612341583
444,Prudentópolis,-25.2131,-50.9778,64.56,98,44,0.92,BR,1612341583
445,Riyadh,24.6877,46.7219,67.53,27,0,10.36,SA,1612341397
446,Tilichiki,60.4667,166.1,25.3,96,100,30.76,RU,1612341584
447,Al Bardīyah,31.7561,25.0865,61.52,65,10,16.78,LY,1612341584
448,Faya,18.3851,42.4509,75.18,15,0,4.61,SA,1612341584
449,Sakakah,29.9697,40.2064,62.6,31,20,4.61,SA,1612341584
450,West Des Moines,41.572,-93.7453,18.73,93,90,6.91,US,1612341510
451,Shingū,33.7333,135.9833,42.8,42,20,14.97,JP,1612341585
452,Lagoa,39.05,-27.9833,55.06,66,6,28.39,PT,1612341585
453,Khani,41.9563,42.9566,64.4,25,0,8.05,GE,1612341585
454,Safford,32.834,-109.7076,51.8,58,40,5.75,US,1612341586
455,Khasan,42.4308,130.6434,13.98,81,29,11.97,RU,1612341586
456,Casa Blanca,18.15,-97.1333,53.74,72,56,1.63,MX,1612341586
457,Escanaba,45.7453,-87.0646,14.49,92,1,6.91,US,1612341586
458,Dzaoudzi,-12.7887,45.2699,80.6,78,0,6.91,YT,1612341587
459,Yasugichō,35.4333,133.25,40.26,52,75,20.71,JP,1612341587
460,Marolambo,-20.05,48.1167,85.77,49,10,5.39,MG,1612341587
461,Losal,27.4,74.9167,80.44,16,0,10.78,IN,1612341587
462,Albania,41.0,20.0,48.06,76,0,4.61,AL,1612341588
463,Portales,34.1862,-103.3344,49.19,57,1,6.91,US,1612341588
464,Harper,4.375,-7.7169,81.0,82,49,4.85,LR,1612341588
465,Auki,-8.7676,160.7034,77.29,92,100,12.03,SB,1612341589
466,Kimbe,-5.5502,150.1429,76.51,87,100,3.94,PG,1612341589
467,Saint-Joseph,-21.3667,55.6167,89.6,58,0,25.32,RE,1612341589
468,Vila Velha,-20.3297,-40.2925,74.57,88,20,3.44,BR,1612341589
469,Ulaangom,49.9811,92.0667,-4.45,90,93,1.9,MN,1612341589
470,Richards Bay,-28.783,32.0377,81.7,55,99,6.04,ZA,1612341590
471,Teya,60.3778,92.6267,3.15,91,100,2.86,RU,1612341590
472,Businga,3.3333,20.8833,98.56,29,53,3.29,CD,1612341590
473,Waipawa,-41.4122,175.5153,62.26,82,0,12.66,NZ,1612341591
474,Lal'sk,60.7415,47.5862,10.8,95,30,4.38,RU,1612341591
475,Fare,-16.7,-151.0167,81.18,76,0,14.67,PF,1612341591
476,Aktau,43.65,51.2,44.6,81,90,6.71,KZ,1612341592
477,Udachny,66.4167,112.4,-23.71,84,100,13.18,RU,1612341396
478,Birjand,32.8663,59.2211,53.6,12,0,3.4,IR,1612341592
479,Beitbridge,-22.2167,30.0,75.96,69,81,14.25,ZW,1612341592
480,Hohhot,40.8106,111.6522,30.2,24,0,13.42,CN,1612341592
481,Fortuna,40.5982,-124.1573,42.98,93,75,10.36,US,1612341593
482,Darovskoy,58.77,47.9564,17.31,97,96,3.74,RU,1612341593
483,Tonbridge,51.1924,0.2753,45.18,97,100,4.72,GB,1612341593
484,Polunochnoye,60.8697,60.4153,15.17,91,99,9.51,RU,1612341593
485,Lubumbashi,-11.6609,27.4794,73.13,85,79,3.85,CD,1612341593
486,Keuruu,62.2667,24.7,7.74,85,90,10.36,FI,1612341594
487,Santa María del Oro,25.9333,-105.3667,52.5,53,96,1.34,MX,1612341594
488,Muzhi,65.3667,64.6667,5.27,92,91,1.1,RU,1612341478
489,San Luis,-33.295,-66.3356,54.34,68,3,3.0,AR,1612341594
490,Sydney Mines,46.2367,-60.2177,42.71,100,90,26.46,CA,1612341594
491,Zhaoyuan,37.3592,120.3964,34.11,84,54,14.36,CN,1612341595
492,Sosnovo-Ozerskoye,52.5249,111.5418,-9.99,86,100,9.95,RU,1612341595
493,Gushikawa,26.3544,127.8686,64.47,48,20,9.22,JP,1612341595
494,Winnemucca,40.973,-117.7357,39.2,56,75,12.66,US,1612341595
495,Broken Hill,-31.95,141.4333,82.4,17,0,8.05,AU,1612341596
496,Unity,52.4501,-109.1682,-0.38,92,99,12.57,CA,1612341596
497,Tagusao,9.1924,117.8141,81.9,79,100,13.71,PH,1612341596
498,Kencong,-8.2833,113.3667,78.37,87,100,2.8,ID,1612341597
499,Ayan,56.45,138.1667,-26.99,69,0,12.66,RU,1612341597
500,Tahoua,14.8888,5.2692,71.6,10,0,4.61,NE,1612341597
501,Jimeta,9.2833,12.4667,88.95,11,0,4.54,NG,1612341598
502,Guerrero Negro,27.9769,-114.0611,62.4,69,99,8.77,MX,1612341598
503,Pitimbu,-7.4706,-34.8086,78.8,78,40,6.91,BR,1612341598
504,Zhangye,38.9342,100.4517,38.17,47,30,5.39,CN,1612341598
505,Yei,4.095,30.6779,98.02,17,0,6.04,SS,1612341599
506,Santa Cruz de la Sierra,-17.8,-63.1667,75.2,94,75,5.75,BO,1612341599
507,Sweetwater,25.7634,-80.3731,49.71,71,1,6.91,US,1612341599
508,Coyhaique,-45.5752,-72.0662,50.0,87,0,4.61,CL,1612341600
509,Freeport,40.6576,-73.5832,29.44,69,90,11.5,US,1612341585
510,Mattru,7.6244,-11.8332,80.42,75,64,2.75,SL,1612341600
511,Tibiri,13.5627,7.0485,69.8,14,0,18.41,NE,1612341600
512,Sola,-13.8833,167.55,82.0,79,48,14.16,VU,1612341601
513,Hīt,33.6416,42.8251,63.72,37,47,5.23,IQ,1612341601
514,Gaoua,10.2992,-3.2508,80.46,14,0,5.75,BF,1612341601
515,La Roda,39.2167,-2.15,45.9,87,20,11.5,ES,1612341602
516,Mangai,-4.05,19.5333,87.08,56,100,3.76,CD,1612341602
517,Debre Birhan,9.6833,39.5333,63.99,26,14,10.07,ET,1612341602
518,Saldanha,-33.0117,17.9442,73.4,60,1,12.66,ZA,1612341602
519,Castro Urdiales,43.3829,-3.2204,60.42,55,40,11.5,ES,1612341603
520,Muchkapskiy,51.8513,42.4717,33.84,99,100,5.7,RU,1612341603
521,Elizabeth City,36.2946,-76.2511,33.44,64,75,10.36,US,1612341410
522,Galesong,-5.3166,119.3661,84.2,84,40,8.05,ID,1612341603
523,Esil,51.9556,66.4042,32.54,97,100,18.75,KZ,1612341604
524,Rundu,-17.9333,19.7667,78.33,64,100,3.58,NA,1612341604
525,Hvolsvollur,63.7533,-20.2243,33.8,93,90,33.38,IS,1612341604
526,Ilula,-7.6766,36.0366,77.65,54,59,4.94,TZ,1612341604
527,Giaveno,45.047,7.3492,41.68,89,66,1.16,IT,1612341605
528,Øksfjord,70.2396,22.3479,12.51,86,90,2.3,NO,1612341605
529,Mahrīz,31.5917,54.4318,59.0,18,0,4.61,IR,1612341605
530,Isangel,-19.55,169.2667,80.22,79,7,16.24,VU,1612341606
531,Pochutla,15.7432,-96.4661,72.0,87,0,1.01,MX,1612341606
532,San Policarpo,12.1791,125.5072,81.39,79,92,14.0,PH,1612341607
533,Örnsköldsvik,63.2909,18.7153,10.4,85,90,11.5,SE,1612341341
534,Abu Samrah,35.3029,37.1841,61.03,44,86,9.91,SY,1612341607
535,Calbuco,-41.768,-73.1273,50.0,100,90,5.75,CL,1612341607
536,Nālūt,30.3333,10.85,58.44,38,0,2.73,LY,1612341608
537,Arrondissement de Bernay,49.1667,0.6667,49.71,87,92,8.99,FR,1612341608
538,Shenjiamen,29.9576,122.298,50.02,78,0,16.75,CN,1612341608
539,Mehamn,71.0357,27.8492,28.4,54,40,23.02,NO,1612341608
540,Limbang,4.75,115.0,82.2,78,75,10.36,MY,1612341609
541,Bonfim,3.0833,-59.95,75.94,83,100,7.45,BR,1612341609
542,Yangi Marg`ilon,40.4272,71.7189,51.8,50,0,4.61,UZ,1612341609
543,Poum,-20.2333,164.0167,77.68,79,33,22.35,NC,1612341610
544,San Miguel de Tucumán,-26.8241,-65.2226,62.6,100,90,8.05,AR,1612341552
545,Krasnosel'kup,65.7,82.4667,5.52,95,91,3.56,RU,1612341610
546,Northam,51.0333,-4.2167,43.34,94,100,4.0,GB,1612341610
547,Jacareacanga,-6.2222,-57.7528,72.27,97,57,0.47,BR,1612341611
548,Alta Gracia,-31.6529,-64.4283,56.03,94,0,5.75,AR,1612341611
549,Marsá Maţrūḩ,31.3525,27.2453,64.4,72,75,13.8,EG,1612341611
550,Palu,-0.8917,119.8707,82.26,73,86,2.98,ID,1612341611
551,Williams Lake,52.1415,-122.1445,19.4,86,90,12.66,CA,1612341612
552,Kouango,4.9934,19.9619,97.18,27,16,5.97,CF,1612341612
553,Ruwi,23.5996,58.5507,78.8,41,0,10.36,OM,1612341612
554,Cuamba,-14.8031,36.5372,86.07,63,8,2.89,MZ,1612341612
555,Camacha,33.0833,-16.3333,60.8,88,40,8.05,PT,1612341613
556,Nehe,48.4833,124.8333,-10.57,83,0,4.92,CN,1612341613
557,Nantucket,41.2835,-70.0995,33.89,100,90,14.97,US,1612341613
558,Moctezuma,29.8,-109.6667,61.02,42,5,0.94,MX,1612341613
559,Sistranda,63.7256,8.834,15.8,73,20,16.11,NO,1612341613
560,Jeypore,18.85,82.5833,84.2,13,0,10.29,IN,1612341614
561,Bandarbeyla,9.4942,50.8122,79.32,48,49,21.56,SO,1612341614
562,Marau,-28.4492,-52.2,66.22,95,63,3.47,BR,1612341614
563,Muli,2.9167,73.5667,81.84,78,95,16.08,MV,1612341614
564,Callaway,30.153,-85.5699,39.76,60,1,10.36,US,1612341615
565,Rawson,-43.3002,-65.1023,71.22,33,0,11.52,AR,1612341615
566,Keflavik,64.0049,-22.5624,36.05,75,75,27.63,IS,1612341615
567,Mel'nikovo,56.5558,84.085,18.0,92,100,12.26,RU,1612341615
568,Pandan,14.0453,124.1694,78.57,83,47,17.96,PH,1612341615
569,Ibotirama,-12.1853,-43.2206,70.21,88,84,1.54,BR,1612341563
570,Waddān,29.1614,16.139,60.13,44,0,15.46,LY,1612341496
571,Jingdezhen,29.2947,117.2079,61.12,67,1,2.44,CN,1612341616
572,Vao,-22.6667,167.4833,78.58,82,100,32.57,NC,1612341616
573,Dawei,14.0833,98.2,87.53,48,21,7.34,MM,1612341617
574,Saint Anthony,45.0205,-93.218,19.63,86,75,5.75,US,1612341617
575,Plettenberg Bay,-34.0527,23.3716,74.68,61,0,8.37,ZA,1612341617
576,Vestmannaeyjar,63.4427,-20.2734,33.8,93,90,33.38,IS,1612341617
577,Leh,34.1667,77.5833,17.2,69,82,1.45,IN,1612341617
578,Oranjestad,12.524,-70.027,77.0,83,20,16.11,AW,1612341534
579,Powell River,49.8496,-124.5361,39.2,81,75,3.44,CA,1612341618
580,Tabou,4.423,-7.3528,80.35,84,23,3.87,CI,1612341618
581,Meadow Lake,34.8014,-106.5436,44.67,57,75,5.75,US,1612341618
582,Opuwo,-18.0607,13.84,83.01,24,93,4.47,NA,1612341619
